ImageId,EncodedPixels
0000,1 94752
0001,1 94752
0002,1 94752
0003,1 94752
0004,1 94752
0005,1 94752
0006,1 94752
0007,1 94752
0008,1 94752
0009,1 94752
0010,1 94752
0011,1 94752
0012,1 94752
0013,1 94752
0014,1 94752
0015,1 94752
0016,1 94752
0017,1 94752
0018,1 94752
0019,1 94752
0020,1 94752
0021,1 94752
0022,1 94752
0023,1 94752
0024,1 94752
0025,1 94752
0026,1 94752
0027,1 94752
0028,1 94752
0029,1 94752
0030,1 94752
0031,1 94752
0032,1 94752
0033,1 94752
0034,1 94752
0035,1 94752
0036,1 94752
0037,1 94752
0038,1 94752
0039,1 94752
0040,1 94752
0041,1 94752
0042,1 94752
0043,1 94752
0044,1 94752
0045,1 94752
0046,1 94752
0047,1 94752
0048,1 94752
0049,1 94752
0050,1 94752
0051,1 94752
0052,1 94752
0053,1 94752
0054,1 94752
0055,1 94752
0056,1 94752
0057,1 94752
0058,1 94752
0059,1 94752
0060,1 94752
0061,1 94752
0062,1 94752
0063,1 94752
0064,1 94752
0065,1 94752
0066,1 94752
0067,1 94752
0068,1 94752
0069,1 94752
0070,1 94752
0071,1 94752
0072,1 94752
0073,1 94752
0074,1 94752
0075,1 94752
0076,1 94752
0077,1 94752
0078,1 94752
0079,1 94752
0080,1 94752
0081,1 94752
0082,1 94752
0083,1 94752
0084,1 94752
0085,1 94752
0086,1 94752
0087,1 94752
0088,1 94752
0089,1 94752
0090,1 94752
0091,1 94752
0092,1 94752
0093,1 94752
0094,1 94752
0095,1 94752
0096,1 94752
0097,1 94752
0098,1 94752
0099,1 94752
0100,1 94752
0101,1 94752
0102,1 94752
0103,1 94752
0104,1 94752
0105,1 94752
0106,1 94752
0107,1 94752
0108,1 94752
0109,1 94752
0110,1 94752
0111,1 94752
0112,1 94752
0113,1 94752
0114,1 94752
0115,1 94752
0116,1 94752
0117,1 94752
0118,1 94752
0119,1 94752
0120,1 94752
0121,1 94752
0122,1 94752
0123,1 94752
0124,1 94752
0125,1 94752
0126,1 94752
0127,1 94752
0128,1 94752
0129,1 94752
0130,1 94752
0131,1 94752
0132,1 94752
0133,1 94752
0134,1 94752
0135,1 94752
0136,1 94752
0137,1 94752
0138,1 94752
0139,1 94752
0140,1 94752
0141,1 94752
0142,1 94752
0143,1 94752
0144,1 94752
0145,1 94752
0146,1 94752
0147,1 94752
0148,1 94752
0149,1 94752
0150,1 94752
0151,1 94752
0152,1 94752
0153,1 94752
0154,1 94752
0155,1 94752
0156,1 94752
0157,1 94752
0158,1 94752
0159,1 94752
0160,1 94752
0161,1 94752
0162,1 94752
0163,1 94752
0164,1 94752
0165,1 94752
0166,1 94752
0167,1 94752
0168,1 94752
0169,1 94752
0170,1 94752
0171,1 94752
0172,1 94752
0173,1 94752
0174,1 94752
0175,1 94752
0176,1 94752
0177,1 94752
0178,1 94752
0179,1 94752
0180,1 94752
0181,1 94752
0182,1 94752
0183,1 94752
0184,1 94752
0185,1 94752
0186,1 94752
0187,1 94752
0188,1 94752
0189,1 94752
0190,1 94752
0191,1 94752
0192,1 94752
0193,1 94752
0194,1 94752
0195,1 94752
0196,1 94752
0197,1 94752
0198,1 94752
0199,1 94752
0200,1 94752
0201,1 94752
0202,1 94752
0203,1 94752
0204,1 94752
0205,1 94752
0206,1 94752
0207,1 94752
0208,1 94752
0209,1 94752
0210,1 94752
0211,1 94752
0212,1 94752
0213,1 94752
0214,1 94752
0215,1 94752
0216,1 94752
0217,1 94752
0218,1 94752
0219,1 94752
0220,1 94752
0221,1 94752
0222,1 94752
0223,1 94752
0224,1 94752
0225,1 94752
0226,1 94752
0227,1 94752
0228,1 94752
0229,1 94752
0230,1 94752
0231,1 94752
0232,1 94752
0233,1 94752
0234,1 94752
0235,1 94752
0236,1 94752
0237,1 94752
0238,1 94752
0239,1 94752
0240,1 94752
0241,1 94752
0242,1 94752
0243,1 94752
0244,1 94752
0245,1 94752
0246,1 94752
0247,1 94752
0248,1 94752
0249,1 94752
0250,1 94752
0251,1 94752
0252,1 94752
0253,1 94752
0254,1 94752
0255,1 94752
0256,1 94752
0257,1 94752
0258,1 94752
0259,1 94752
0260,1 94752
0261,1 94752
0262,1 94752
0263,1 94752
0264,1 94752
0265,1 94752
0266,1 94752
0267,1 94752
0268,1 94752
0269,1 94752
0270,1 94752
0271,1 94752
0272,1 94752
0273,1 94752
0274,1 94752
0275,1 94752
0276,1 94752
0277,1 94752
0278,1 94752
0279,1 94752
0280,1 94752
0281,1 94752
0282,1 94752
0283,1 94752
0284,1 94752
0285,1 94752
0286,1 94752
0287,1 94752
0288,1 94752
0289,1 94752
0290,1 94752
0291,1 94752
0292,1 94752
0293,1 94752
0294,1 94752
0295,1 94752
0296,1 94752
0297,1 94752
0298,1 94752
0299,1 94752
